Aalst;Aalst
Gijzegem;Aalst
Hofstade;Aalst
Baardegem;Aalst
Herdersem;Aalst
Meldert;Aalst
Moorsel;Aalst
Erembodegem;Aalst
Nieuwerkerken;Aalst
Aalter;Aalter
Bellem;Aalter
Lotenhulle;Aalter
Poeke;Aalter
Aarschot;Aarschot
Gelrode;Aarschot
Langdorp;Aarschot
Rillaar;Aarschot
Aartselaar;Aartselaar
Essene;Affligem
Hekelgem;Affligem
Teralfene;Affligem
Affligem;Affligem
Alken;Alken
Alveringem;Alveringem
Hoogstade;Alveringem
Oeren;Alveringem
Sint-Rijkers;Alveringem
Beveren;Alveringem
Gijverinkhove;Alveringem
Izenberge;Alveringem
Leisele;Alveringem
Stavele;Alveringem
Antwerpen;Antwerpen
Berendrecht-Zandvliet-Lillo;Antwerpen
Deurne;Antwerpen
Borgerhout;Antwerpen
Merksem;Antwerpen
Ekeren;Antwerpen
Berchem;Antwerpen
Hoboken;Antwerpen
Wilrijk;Antwerpen
Anzegem;Anzegem
Gijzelbrechtegem;Anzegem
Ingooigem;Anzegem
Vichte;Anzegem
Kaster;Anzegem
Tiegem;Anzegem
Ardooie;Ardooie
Koolskamp;Ardooie
Arendonk;Arendonk
As;As
Niel-bij-As;As
Asse;Asse
Bekkerzeel;Asse
Kobbegem;Asse
Mollem;Asse
Relegem;Asse
Zellik;Asse
Assenede;Assenede
Boekhoute;Assenede
Bassevelde;Assenede
Oosteeklo;Assenede
Avelgem;Avelgem
Kerkhove;Avelgem
Waarmaarde;Avelgem
Outrijve;Avelgem
Bossuit;Avelgem
Baarle-Hertog;Baarle-Hertog
Balen;Balen
Olmen;Balen
Beernem;Beernem
Oedelem;Beernem
Sint-Joris;Beernem
Beerse;Beerse
Vlimmeren;Beerse
Beersel;Beersel
Lot;Beersel
Alsemberg;Beersel
Dworp;Beersel
Huizingen;Beersel
Begijnendijk;Begijnendijk
Betekom;Begijnendijk
Bekkevoort;Bekkevoort
Assent;Bekkevoort
Molenbeek-Wersbeek;Bekkevoort
Beringen;Beringen
Beverlo;Beringen
Koersel;Beringen
Stal;Beringen
Paal;Beringen
Berlaar;Berlaar
Gestel;Berlaar
Berlare;Berlare
Overmere;Berlare
Uitbergen;Berlare
Bertem;Bertem
Korbeek-Dijle;Bertem
Leefdaal;Bertem
Bever;Bever
Haasdonk;Beveren
Melsele;Beveren
Vrasene;Beveren
Kallo;Beveren
Doel;Beveren
Kieldrecht;Beveren
Verrebroek;Beveren
Bierbeek;Bierbeek
Korbeek-Lo;Bierbeek
Lovenjoel;Bierbeek
Opvelp;Bierbeek
Bilzen;Bilzen
Beverst;Bilzen
Eigenbilzen;Bilzen
Grote-Spouwen;Bilzen
Hees;Bilzen
Kleine-Spouwen;Bilzen
Mopertingen;Bilzen
Munsterbilzen;Bilzen
Rijkhoven;Bilzen
Rosmeer;Bilzen
Waltwilder;Bilzen
Martenslinde;Bilzen
Hoelbeek;Bilzen
Blankenberge;Blankenberge
Uitkerke;Blankenberge
Bocholt;Bocholt
Kaulille;Bocholt
Reppel;Bocholt
Boechout;Boechout
Vremde;Boechout
Bonheiden;Bonheiden
Rijmenam;Bonheiden
Boom;Boom
Boortmeerbeek;Boortmeerbeek
Hever;Boortmeerbeek
Borgloon;Borgloon
Bommershoven;Borgloon
Broekom;Borgloon
Gors-Opleeuw;Borgloon
Gotem;Borgloon
Groot-Loon;Borgloon
Hendrieken;Borgloon
Hoepertingen;Borgloon
Jesseren;Borgloon
Kerniel;Borgloon
Kuttekoven;Borgloon
Rijkel;Borgloon
Voort;Borgloon
Bornem;Bornem
Weert;Bornem
Mariekerke;Bornem
Hingene;Bornem
Borsbeek;Borsbeek
Boutersem;Boutersem
Kerkom;Boutersem
Neervelp;Boutersem
Roosbeek;Boutersem
Vertrijk;Boutersem
Willebringen;Boutersem
Elst;Brakel
Everbeek;Brakel
Michelbeke;Brakel
Nederbrakel;Brakel
Opbrakel;Brakel
Zegelsem;Brakel
Parike;Brakel
Brakel;Brakel
Brasschaat;Brasschaat
Brecht;Brecht
Sint-Job-in-'t-Goor;Brecht
Sint-Lenaarts;Brecht
Bredene;Bredene
Beek;Bree
Bree;Bree
Gerdingen;Bree
Opitter;Bree
Tongerlo;Bree
Brugge;Brugge
Koolkerke;Brugge
Sint-Andries;Brugge
Sint-Michiels;Brugge
Assebroek;Brugge
Sint-Kruis;Brugge
Dudzele;Brugge
Lissewege;Brugge
Buggenhout;Buggenhout
Opdorp;Buggenhout
Damme;Damme
Hoeke;Damme
Lapscheure;Damme
Moerkerke;Damme
Oostkerke;Damme
Sijsele;Damme
Klemskerke;De Haan
Wenduine;De Haan
Vlissegem;De Haan
De Haan;De Haan
De Panne;De Panne
Adinkerke;De Panne
De Pinte;De Pinte
Zevergem;De Pinte
Deerlijk;Deerlijk
Deinze;Deinze
Astene;Deinze
Bachte-Maria-Leerne;Deinze
Gottem;Deinze
Grammene;Deinze
Meigem;Deinze
Petegem-aan-de-Leie;Deinze
Sint-Martens-Leerne;Deinze
Vinkt;Deinze
Wontergem;Deinze
Zeveren;Deinze
Denderleeuw;Denderleeuw
Iddergem;Denderleeuw
Welle;Denderleeuw
Dendermonde;Dendermonde
Appels;Dendermonde
Baasrode;Dendermonde
Grembergen;Dendermonde
Mespelare;Dendermonde
Oudegem;Dendermonde
Schoonaarde;Dendermonde
Sint-Gillis-bij-Dendermonde;Dendermonde
Dentergem;Dentergem
Markegem;Dentergem
Oeselgem;Dentergem
Wakken;Dentergem
Dessel;Dessel
Destelbergen;Destelbergen
Heusden;Destelbergen
Diepenbeek;Diepenbeek
Diest;Diest
Kaggevinne;Diest
Molenstede;Diest
Schaffen;Diest
Webbekom;Diest
Diksmuide;Diksmuide
Beerst;Diksmuide
Esen;Diksmuide
Kaaskerke;Diksmuide
Keiem;Diksmuide
Lampernisse;Diksmuide
Leke;Diksmuide
Nieuwkapelle;Diksmuide
Oudekapelle;Diksmuide
Pervijze;Diksmuide
Sint-Jacobs-Kapelle;Diksmuide
Stuivekenskerke;Diksmuide
Vladslo;Diksmuide
Woumen;Diksmuide
Dilbeek;Dilbeek
Sint-Martens-Bodegem;Dilbeek
Sint-Ulriks-Kapelle;Dilbeek
Itterbeek;Dilbeek
Groot-Bijgaarden;Dilbeek
Schepdaal;Dilbeek
Dilsen;Dilsen-Stokkem
Elen;Dilsen-Stokkem
Lanklaar;Dilsen-Stokkem
Rotem;Dilsen-Stokkem
Stokkem;Dilsen-Stokkem
Dilsen-Stokkem;Dilsen-Stokkem
Drogenbos;Drogenbos
Duffel;Duffel
Edegem;Edegem
Eeklo;Eeklo
Aaigem;Erpe-Mere
Bambrugge;Erpe-Mere
Burst;Erpe-Mere
Erondegem;Erpe-Mere
Erpe;Erpe-Mere
Mere;Erpe-Mere
Ottergem;Erpe-Mere
Vlekkem;Erpe-Mere
Erpe-Mere;Erpe-Mere
Essen;Essen
Evergem;Evergem	gem
Ertvelde;Evergem	gem
Sleidinge;Evergem	gem
Kluizen;Evergem	gem
Evergem	gem;Evergem	gem
Galmaarden;Galmaarden
Tollembeek;Galmaarden
Vollezele;Galmaarden
Gavere;Gavere
Asper;Gavere
Baaigem;Gavere
Dikkelvenne;Gavere
Semmerzake;Gavere
Vurste;Gavere
Geel;Geel
Geetbets;Geetbets
Grazen;Geetbets
Rummen;Geetbets
Genk;Genk
Gent;Gent
Mariakerke;Gent
Drongen;Gent
Wondelgem;Gent
Sint-Amandsberg;Gent
Oostakker;Gent
Desteldonk;Gent
Mendonk;Gent
Sint-Kruis-Winkel;Gent
Gentbrugge;Gent
Ledeberg;Gent
Afsnee;Gent
Sint-Denijs-Westrem;Gent
Zwijnaarde;Gent
Geraardsbergen;Geraardsbergen
Goeferdinge;Geraardsbergen
Moerbeke;Geraardsbergen
Nederboelare;Geraardsbergen
Onkerzele;Geraardsbergen
Ophasselt;Geraardsbergen
Overboelare;Geraardsbergen
Viane;Geraardsbergen
Zarlardinge;Geraardsbergen
Grimminge;Geraardsbergen
Idegem;Geraardsbergen
Nieuwenhove;Geraardsbergen
Schendelbeke;Geraardsbergen
Smeerebbe-Vloerzegem;Geraardsbergen
Waarbeke;Geraardsbergen
Zandbergen;Geraardsbergen
Gingelom;Gingelom
Boekhout;Gingelom
Jeuk;Gingelom
Kortijs;Gingelom
Montenaken;Gingelom
Niel-bij-Sint-Truiden;Gingelom
Vorsen;Gingelom
Borlo;Gingelom
Buvingen;Gingelom
Mielen-boven-Aalst;Gingelom
Muizen;Gingelom
Gistel;Gistel
Moere;Gistel
Snaaskerke;Gistel
Zevekote;Gistel
Bunsbeek;Glabbeek
Glabbeek-Zuurbemde;Glabbeek
Kapellen;Glabbeek
Attenrode;Glabbeek
Glabbeek;Glabbeek
Gooik;Gooik
Kester;Gooik
Leerbeek;Gooik
Oetingen;Gooik
Grimbergen;Grimbergen
Humbeek;Grimbergen
Beigem;Grimbergen
Strombeek-Bever;Grimbergen
Grobbendonk;Grobbendonk
Bouwel;Grobbendonk
Haacht;Haacht
Tildonk;Haacht
Wespelaar;Haacht
Haaltert;Haaltert
Denderhoutem;Haaltert
Heldergem;Haaltert
Kerksken;Haaltert
Halen;Halen
Loksbergen;Halen
Zelem;Halen
Halle;Halle
Buizingen;Halle
Lembeek;Halle
Kwaadmechelen;Ham
Oostham;Ham
Ham;Ham
Hamme;Hamme
Moerzeke;Hamme
Achel;Hamont-Achel
Hamont;Hamont-Achel
Hamont-Achel;Hamont-Achel
Harelbeke;Harelbeke
Bavikhove;Harelbeke
Hulste;Harelbeke
Hasselt;Hasselt	stad
Sint-Lambrechts-Herk;Hasselt	stad
Wimmertingen;Hasselt	stad
Kermt;Hasselt	stad
Spalbeek;Hasselt	stad
Kuringen;Hasselt	stad
Stokrooie;Hasselt	stad
Stevoort;Hasselt	stad
Hasselt	stad;Hasselt	stad
Hechtel;Hechtel-Eksel
Eksel;Hechtel-Eksel
Hechtel-Eksel;Hechtel-Eksel
Heers;Heers
Batsheers;Heers
Gutschoven;Heers
Heks;Heers
Horpmaal;Heers
Klein-Gelmen;Heers
Mechelen-Bovelingen;Heers
Mettekoven;Heers
Opheers;Heers
Rukkelingen-Loon;Heers
Vechmaal;Heers
Veulen;Heers
Heist-op-den-Berg;Heist-op-den-Berg
Hallaar;Heist-op-den-Berg
Booischot;Heist-op-den-Berg
Itegem;Heist-op-den-Berg
Wiekevorst;Heist-op-den-Berg
Schriek;Heist-op-den-Berg
Hemiksem;Hemiksem
Herent;Herent
Veltem-Beisem;Herent
Winksele;Herent
Herentals;Herentals
Morkhoven;Herentals
Noorderwijk;Herentals
Herenthout;Herenthout
Herk-de-Stad;Herk-de-Stad
Berbroek;Herk-de-Stad
Donk;Herk-de-Stad
Schulen;Herk-de-Stad
Herne;Herne
Herfelingen;Herne
Sint-Pieters-Kapelle;Herne
Herselt;Herselt
Ramsel;Herselt
Herstappe;Herstappe
Herzele;Herzele
Hillegem;Herzele
Sint-Antelinks;Herzele
Sint-Lievens-Esse;Herzele
Steenhuize-Wijnhuize;Herzele
Woubrechtegem;Herzele
Ressegem;Herzele
Borsbeke;Herzele
Zolder;Heusden-Zolder
Heusden-Zolder;Heusden-Zolder
Nieuwkerke;Heuvelland
Dranouter;Heuvelland
Wulvergem;Heuvelland
Wijtschate;Heuvelland
Westouter;Heuvelland
Kemmel;Heuvelland
Loker;Heuvelland
Heuvelland;Heuvelland
Hoegaarden;Hoegaarden
Outgaarden;Hoegaarden
Hoeilaart;Hoeilaart
Hoeselt;Hoeselt
Romershoven;Hoeselt
Sint-Huibrechts-Hern;Hoeselt
Werm;Hoeselt
Schalkhoven;Hoeselt
Holsbeek;Holsbeek
Kortrijk-Dutsel;Holsbeek
Sint-Pieters-Rode;Holsbeek
Nieuwrode;Holsbeek
Hooglede;Hooglede
Gits;Hooglede
Hoogstraten;Hoogstraten
Meer;Hoogstraten
Minderhout;Hoogstraten
Wortel;Hoogstraten
Meerle;Hoogstraten
Sint-Kornelis-Horebeke;Horebeke
Sint-Maria-Horebeke;Horebeke
Horebeke;Horebeke
Helchteren;Houthalen-Helchteren
Houthalen;Houthalen-Helchteren
Houthalen-Helchteren;Houthalen-Helchteren
Houthulst;Houthulst
Klerken;Houthulst
Merkem;Houthulst
Hove;Hove
Huldenberg;Huldenberg
Loonbeek;Huldenberg
Neerijse;Huldenberg
Ottenburg;Huldenberg
Sint-Agatha-Rode;Huldenberg
Hulshout;Hulshout
Houtvenne;Hulshout
Westmeerbeek;Hulshout
Ichtegem;Ichtegem
Bekegem;Ichtegem
Eernegem;Ichtegem
Ieper;Ieper
Brielen;Ieper
Dikkebus;Ieper
Sint-Jan;Ieper
Hollebeke;Ieper
Voormezele;Ieper
Zillebeke;Ieper
Boezinge;Ieper
Zuidschote;Ieper
Elverdinge;Ieper
Vlamertinge;Ieper
Ingelmunster;Ingelmunster
Izegem;Izegem
Emelgem;Izegem
Kachtem;Izegem
Jabbeke;Jabbeke
Snellegem;Jabbeke
Stalhille;Jabbeke
Varsenare;Jabbeke
Zerkegem;Jabbeke
Kalmthout;Kalmthout
Kampenhout;Kampenhout
Berg;Kampenhout
Buken;Kampenhout
Nederokkerzeel;Kampenhout
Kapelle-op-den-Bos;Kapelle-op-den-Bos
Nieuwenrode;Kapelle-op-den-Bos
Ramsdonk;Kapelle-op-den-Bos
Kaprijke;Kaprijke
Lembeke;Kaprijke
Kasterlee;Kasterlee
Lichtaart;Kasterlee
Tielen;Kasterlee
Keerbergen;Keerbergen
Kinrooi;Kinrooi
Kessenich;Kinrooi
Molenbeersel;Kinrooi
Ophoven;Kinrooi
Kwaremont;Kluisbergen
Ruien;Kluisbergen
Zulzeke;Kluisbergen
Kluisbergen;Kluisbergen
Knesselare;Knesselare
Ursel;Knesselare
Knokke;Knokke-Heist
Westkapelle;Knokke-Heist
Heist;Knokke-Heist
Ramskapelle;Knokke-Heist
Knokke-Heist;Knokke-Heist
Koekelare;Koekelare
Bovekerke;Koekelare
Zande;Koekelare
Koksijde;Koksijde
Oostduinkerke;Koksijde
Wulpen;Koksijde
Kontich;Kontich
Waarloos;Kontich
Kortemark;Kortemark
Handzame;Kortemark
Werken;Kortemark
Zarren;Kortemark
Kortenaken;Kortenaken
Ransberg;Kortenaken
Hoeleden;Kortenaken
Kersbeek-Miskom;Kortenaken
Waanrode;Kortenaken
Kortenberg;Kortenberg
Erps-Kwerps;Kortenberg
Everberg;Kortenberg
Meerbeek;Kortenberg
Kortessem;Kortessem
Vliermaalroot;Kortessem
Wintershoven;Kortessem
Guigoven;Kortessem
Vliermaal;Kortessem
Kortrijk;Kortrijk
Bissegem;Kortrijk
Heule;Kortrijk
Bellegem;Kortrijk
Kooigem;Kortrijk
Marke;Kortrijk
Rollegem;Kortrijk
Aalbeke;Kortrijk
Kraainem;Kraainem
Kruibeke;Kruibeke
Bazel;Kruibeke
Rupelmonde;Kruibeke
Kruishoutem;Kruishoutem
Nokere;Kruishoutem
Wannegem-Lede;Kruishoutem
Kuurne;Kuurne
Eindhout;Laakdal
Vorst;Laakdal
Varendonk;Laakdal
Veerle;Laakdal
Laakdal;Laakdal
Laarne;Laarne
Kalken;Laarne
Lanaken;Lanaken
Gellik;Lanaken
Neerharen;Lanaken
Veldwezelt;Lanaken
Rekem;Lanaken
Landen;Landen
Eliksem;Landen
Ezemaal;Landen
Laar;Landen
Neerwinden;Landen
Overwinden;Landen
Rumsdorp;Landen
Wange;Landen
Waasmont;Landen
Walsbets;Landen
Walshoutem;Landen
Wezeren;Landen
Attenhoven;Landen
Neerlanden;Landen
Bikschote;Langemark-Poelkapelle
Langemark;Langemark-Poelkapelle
Poelkapelle;Langemark-Poelkapelle
Langemark-Poelkapelle;Langemark-Poelkapelle
Lebbeke;Lebbeke
Denderbelle;Lebbeke
Wieze;Lebbeke
Lede;Lede
Impe;Lede
Oordegem;Lede
Smetlede;Lede
Wanzele;Lede
Ledegem;Ledegem
Rollegem-Kapelle;Ledegem
Sint-Eloois-Winkel;Ledegem
Lendelede;Lendelede
Gaasbeek;Lennik
Sint-Kwintens-Lennik;Lennik
Sint-Martens-Lennik;Lennik
Lennik;Lennik
Leopoldsburg;Leopoldsburg
Heppen;Leopoldsburg
Leuven;Leuven
Heverlee;Leuven
Kessel-Lo;Leuven
Wilsele;Leuven
Wijgmaal;Leuven
Lichtervelde;Lichtervelde
Liedekerke;Liedekerke
Lier;Lier
Koningshooikt;Lier
Deftinge;Lierde
Sint-Maria-Lierde;Lierde
Hemelveerdegem;Lierde
Sint-Martens-Lierde;Lierde
Lierde;Lierde
Lille;Lille
Gierle;Lille
Poederlee;Lille
Wechelderzande;Lille
Linkebeek;Linkebeek
Lint;Lint
Drieslinter;Linter
Melkwezer;Linter
Neerhespen;Linter
Neerlinter;Linter
Orsmaal-Gussenhoven;Linter
Overhespen;Linter
Wommersom;Linter
Linter;Linter
Lochristi;Lochristi
Beervelde;Lochristi
Zaffelare;Lochristi
Zeveneken;Lochristi
Lokeren;Lokeren
Daknam;Lokeren
Eksaarde;Lokeren
Lommel;Lommel
Londerzeel;Londerzeel
Malderen;Londerzeel
Steenhuffel;Londerzeel
Lo;Lo-Reninge
Noordschote;Lo-Reninge
Pollinkhove;Lo-Reninge
Reninge;Lo-Reninge
Lo-Reninge;Lo-Reninge
Lovendegem;Lovendegem
Vinderhoute;Lovendegem
Lubbeek;Lubbeek
Linden;Lubbeek
Binkom;Lubbeek
Pellenberg;Lubbeek
Lummen;Lummen
Linkhout;Lummen
Etikhove;Maarkedal
Maarke-Kerkem;Maarkedal
Nukerke;Maarkedal
Schorisse;Maarkedal
Maarkedal;Maarkedal
Maaseik;Maaseik	stad
Neeroeteren;Maaseik	stad
Opoeteren;Maaseik	stad
Maaseik	stad;Maaseik	stad
Eisden;Maasmechelen
Leut;Maasmechelen
Mechelen-aan-de-Maas;Maasmechelen
Meeswijk;Maasmechelen
Opgrimbie;Maasmechelen
Vucht;Maasmechelen
Boorsem;Maasmechelen
Uikhoven;Maasmechelen
Maasmechelen;Maasmechelen
Machelen;Machelen
Diegem;Machelen
Maldegem;Maldegem
Adegem;Maldegem
Middelburg;Maldegem
Oostmalle;Malle
Westmalle;Malle
Malle;Malle
Mechelen;Mechelen
Walem;Mechelen
Heffen;Mechelen
Hombeek;Mechelen
Leest;Mechelen
Meerhout;Meerhout
Ellikom;Meeuwen-Gruitrode
Gruitrode;Meeuwen-Gruitrode
Meeuwen;Meeuwen-Gruitrode
Neerglabbeek;Meeuwen-Gruitrode
Wijshagen;Meeuwen-Gruitrode
Meeuwen-Gruitrode;Meeuwen-Gruitrode
Meise;Meise
Wolvertem;Meise
Melle;Melle
Gontrode;Melle
Menen;Menen
Lauwe;Menen
Rekkem;Menen
Merchtem;Merchtem
Brussegem;Merchtem
Merelbeke;Merelbeke
Bottelare;Merelbeke
Lemberge;Merelbeke
Melsen;Merelbeke
Munte;Merelbeke
Schelderode;Merelbeke
Merksplas;Merksplas
Mesen;Mesen
Meulebeke;Meulebeke
Middelkerke;Middelkerke
Wilskerke;Middelkerke
Leffinge;Middelkerke
Mannekensvere;Middelkerke
Schore;Middelkerke
Slijpe;Middelkerke
Lombardsijde;Middelkerke
Westende;Middelkerke
Mol;Mol
Moorslede;Moorslede
Dadizele;Moorslede
Mortsel;Mortsel
Nazareth;Nazareth
Eke;Nazareth
Neerpelt;Neerpelt
Sint-Huibrechts-Lille;Neerpelt
Nevele;Nevele
Hansbeke;Nevele
Landegem;Nevele
Merendree;Nevele
Poesele;Nevele
Vosselare;Nevele
Niel;Niel
Binderveld;Nieuwerkerken
Kozen;Nieuwerkerken
Wijer;Nieuwerkerken
Nieuwpoort;Nieuwpoort
Nijlen;Nijlen
Bevel;Nijlen
Kessel;Nijlen
Ninove;Ninove
Appelterre-Eichem;Ninove
Denderwindeke;Ninove
Lieferinge;Ninove
Nederhasselt;Ninove
Okegem;Ninove
Voorde;Ninove
Pollare;Ninove
Meerbeke;Ninove
Neigem;Ninove
Aspelare;Ninove
Outer;Ninove
Olen;Olen
Oostende;Oostende
Stene;Oostende
Zandvoorde;Oostende
Oosterzele;Oosterzele
Balegem;Oosterzele
Gijzenzele;Oosterzele
Landskouter;Oosterzele
Moortsele;Oosterzele
Scheldewindeke;Oosterzele
Oostkamp;Oostkamp
Hertsberge;Oostkamp
Ruddervoorde;Oostkamp
Waardamme;Oostkamp
Oostrozebeke;Oostrozebeke
Opglabbeek;Opglabbeek
Opwijk;Opwijk
Mazenzele;Opwijk
Oudenaarde;Oudenaarde
Bevere;Oudenaarde
Edelare;Oudenaarde
Eine;Oudenaarde
Ename;Oudenaarde
Heurne;Oudenaarde
Leupegem;Oudenaarde
Mater;Oudenaarde
Melden;Oudenaarde
Mullem;Oudenaarde
Nederename;Oudenaarde
Volkegem;Oudenaarde
Welden;Oudenaarde
Oudenburg;Oudenburg
Ettelgem;Oudenburg
Roksem;Oudenburg
Westkerke;Oudenburg
Oud-Heverlee;Oud-Heverlee
Sint-Joris-Weert;Oud-Heverlee
Blanden;Oud-Heverlee
Haasrode;Oud-Heverlee
Vaalbeek;Oud-Heverlee
Oud-Turnhout;Oud-Turnhout
Overijse;Overijse
Overpelt;Overpelt
Peer;Peer
Grote-Brogel;Peer
Kleine-Brogel;Peer
Wijchmaal;Peer
Pepingen;Pepingen
Bogaarden;Pepingen
Heikruis;Pepingen
Elingen;Pepingen
Beert;Pepingen
Bellingen;Pepingen
Pittem;Pittem
Egem;Pittem
Poperinge;Poperinge
Reningelst;Poperinge
Krombeke;Poperinge
Proven;Poperinge
Roesbrugge-Haringe;Poperinge
Watou;Poperinge
Putte;Putte
Beerzel;Putte
Puurs;Puurs
Breendonk;Puurs
Liezele;Puurs
Ruisbroek;Puurs
Ranst;Ranst
Broechem;Ranst
Emblem;Ranst
Oelegem;Ranst
Ravels;Ravels
Weelde;Ravels
Poppel;Ravels
Retie;Retie
Riemst;Riemst
Genoelselderen;Riemst
Herderen;Riemst
Kanne;Riemst
Membruggen;Riemst
Millen;Riemst
Val-Meer;Riemst
Vlijtingen;Riemst
Vroenhoven;Riemst
Zichen-Zussen-Bolder;Riemst
Rijkevorsel;Rijkevorsel
Roeselare;Roeselare
Oekene;Roeselare
Rumbeke;Roeselare
Ronse;Ronse
Onze-Lieve-Vrouw-Lombeek;Roosdaal
Pamel;Roosdaal
Strijtem;Roosdaal
Borchtlombeek;Roosdaal
Roosdaal;Roosdaal
Rotselaar;Rotselaar
Wezemaal;Rotselaar
Werchter;Rotselaar
Ruiselede;Ruiselede
Rumst;Rumst
Reet;Rumst
Terhagen;Rumst
Schelle;Schelle
Scherpenheuvel;Scherpenheuvel-Zichem
Averbode;Scherpenheuvel-Zichem
Zichem;Scherpenheuvel-Zichem
Messelbroek;Scherpenheuvel-Zichem
Testelt;Scherpenheuvel-Zichem
Scherpenheuvel-Zichem;Scherpenheuvel-Zichem
Schilde;Schilde	gem
's-Gravenwezel;Schilde	gem
Schilde	gem;Schilde	gem
Schoten;Schoten	gem
Schoten	gem;Schoten	gem
Sint-Amands;Sint-Amands
Lippelo;Sint-Amands
Oppuurs;Sint-Amands
Sint-Genesius-Rode;Sint-Genesius-Rode
Sint-Gillis-Waas;Sint-Gillis-Waas
De Klinge;Sint-Gillis-Waas
Meerdonk;Sint-Gillis-Waas
Sint-Pauwels;Sint-Gillis-Waas
Sint-Katelijne-Waver;Sint-Katelijne-Waver
Onze-Lieve-Vrouw-Waver;Sint-Katelijne-Waver
Sint-Laureins;Sint-Laureins
Sint-Jan-in-Eremo;Sint-Laureins
Sint-Margriete;Sint-Laureins
Waterland-Oudeman;Sint-Laureins
Watervliet;Sint-Laureins
Sint-Lievens-Houtem;Sint-Lievens-Houtem
Letterhoutem;Sint-Lievens-Houtem
Bavegem;Sint-Lievens-Houtem
Zonnegem;Sint-Lievens-Houtem
Vlierzele;Sint-Lievens-Houtem
Sint-Martens-Latem;Sint-Martens-Latem
Deurle;Sint-Martens-Latem
Sint-Niklaas;Sint-Niklaas
Nieuwkerken-Waas;Sint-Niklaas
Belsele;Sint-Niklaas
Sinaai;Sint-Niklaas
Sint-Pieters-Leeuw;Sint-Pieters-Leeuw
Oudenaken;Sint-Pieters-Leeuw
Sint-Laureins-Berchem;Sint-Pieters-Leeuw
Vlezenbeek;Sint-Pieters-Leeuw
Sint-Truiden;Sint-Truiden
Brustem;Sint-Truiden
Engelmanshoven;Sint-Truiden
Gelinden;Sint-Truiden
Groot-Gelmen;Sint-Truiden
Halmaal;Sint-Truiden
Kerkom-bij-Sint-Truiden;Sint-Truiden
Ordingen;Sint-Truiden
Zepperen;Sint-Truiden
Duras;Sint-Truiden
Gorsem;Sint-Truiden
Runkelen;Sint-Truiden
Wilderen;Sint-Truiden
Velm;Sint-Truiden
Helkijn;Spiere-Helkijn
Spiere;Spiere-Helkijn
Spiere-Helkijn;Spiere-Helkijn
Stabroek;Stabroek
Hoevenen;Stabroek
Staden;Staden
Oostnieuwkerke;Staden
Westrozebeke;Staden
Steenokkerzeel;Steenokkerzeel
Melsbroek;Steenokkerzeel
Perk;Steenokkerzeel
Stekene;Stekene
Kemzeke;Stekene
Temse;Temse
Elversele;Temse
Steendorp;Temse
Tielrode;Temse
Ternat;Ternat
Sint-Katherina-Lombeek;Ternat
Wambeek;Ternat
Tervuren;Tervuren
Duisburg;Tervuren
Vossem;Tervuren
Tessenderlo;Tessenderlo
Tielt;Tielt
Aarsele;Tielt
Kanegem;Tielt
Schuiferskapelle;Tielt
Houwaart;Tielt-Winge
Meensel-Kiezegem;Tielt-Winge
Sint-Joris-Winge;Tielt-Winge
Tielt-Winge;Tielt-Winge
Tienen;Tienen
Bost;Tienen
Goetsenhoven;Tienen
Hakendover;Tienen
Kumtich;Tienen
Oorbeek;Tienen
Oplinter;Tienen
Sint-Margriete-Houtem;Tienen
Vissenaken;Tienen
Tongeren;Tongeren
Diets-Heur;Tongeren
Henis;Tongeren
's Herenelderen;Tongeren
Koninksem;Tongeren
Lauw;Tongeren
Mal;Tongeren
Neerrepen;Tongeren
Nerem;Tongeren
Overrepen;Tongeren
Piringen;Tongeren
Riksingen;Tongeren
Rutten;Tongeren
Sluizen;Tongeren
Vreren;Tongeren
Widooie;Tongeren
Torhout;Torhout
Tremelo;Tremelo
Baal;Tremelo
Turnhout;Turnhout
Veurne;Veurne
Avekapelle;Veurne
Booitshoeke;Veurne
Bulskamp;Veurne
De Moeren;Veurne
Eggewaartskapelle;Veurne
Houtem;Veurne
Steenkerke;Veurne
Vinkem;Veurne
Wulveringem;Veurne
Zoutenaaie;Veurne
Vilvoorde;Vilvoorde
Peutie;Vilvoorde
Oostvleteren;Vleteren
Westvleteren;Vleteren
Woesten;Vleteren
Vleteren;Vleteren
Moelingen;Voeren
Remersdaal;Voeren
's-Gravenvoeren;Voeren
Sint-Martens-Voeren;Voeren
Sint-Pieters-Voeren;Voeren
Teuven;Voeren
Voeren;Voeren
Vorselaar;Vorselaar
Vosselaar;Vosselaar
Waarschoot;Waarschoot
Waasmunster;Waasmunster
Wachtebeke;Wachtebeke
Waregem;Waregem
Desselgem;Waregem
Sint-Eloois-Vijve;Waregem
Wellen;Wellen
Berlingen;Wellen
Herten;Wellen
Ulbeek;Wellen
Wemmel;Wemmel
Wervik;Wervik
Geluwe;Wervik
Westerlo;Westerlo
Oevel;Westerlo
Zoerle-Parwijs;Westerlo
Wetteren;Wetteren
Massemen;Wetteren
Westrem;Wetteren
Wevelgem;Wevelgem
Gullegem;Wevelgem
Moorsele;Wevelgem
Wezembeek-Oppem;Wezembeek-Oppem
Wichelen;Wichelen
Schellebelle;Wichelen
Serskamp;Wichelen
Wielsbeke;Wielsbeke
Ooigem;Wielsbeke
Sint-Baafs-Vijve;Wielsbeke
Wijnegem;Wijnegem
Willebroek;Willebroek
Blaasveld;Willebroek
Heindonk;Willebroek
Tisselt;Willebroek
Wingene;Wingene
Zwevezele;Wingene
Wommelgem;Wommelgem
Elsegem;Wortegem-Petegem
Moregem;Wortegem-Petegem
Ooike;Wortegem-Petegem
Petegem-aan-de-Schelde;Wortegem-Petegem
Wortegem;Wortegem-Petegem
Wortegem-Petegem;Wortegem-Petegem
Wuustwezel;Wuustwezel
Loenhout;Wuustwezel
Zandhoven;Zandhoven
Massenhoven;Zandhoven
Pulderbos;Zandhoven
Pulle;Zandhoven
Viersel;Zandhoven
Zaventem;Zaventem
Nossegem;Zaventem
Sint-Stevens-Woluwe;Zaventem
Sterrebeek;Zaventem
Aartrijke;Zedelgem
Loppem;Zedelgem
Veldegem;Zedelgem
Zedelgem;Zedelgem
Zele;Zele
Zelzate;Zelzate
Zemst;Zemst
Eppegem;Zemst
Elewijt;Zemst
Weerde;Zemst
Zingem;Zingem
Huise;Zingem
Ouwegem;Zingem
Zoersel;Zoersel
Zomergem;Zomergem
Oostwinkel;Zomergem
Ronsele;Zomergem
Zonhoven;Zonhoven
Zonnebeke;Zonnebeke
Beselare;Zonnebeke
Geluveld;Zonnebeke
Passendale;Zonnebeke
Zottegem;Zottegem
Elene;Zottegem
Erwetegem;Zottegem
Godveerdegem;Zottegem
Grotenberge;Zottegem
Leeuwergem;Zottegem
Sint-Goriks-Oudenhove;Zottegem
Strijpen;Zottegem
Velzeke-Ruddershove;Zottegem
Oombergen;Zottegem
Sint-Maria-Oudenhove;Zottegem
Zoutleeuw;Zoutleeuw
Budingen;Zoutleeuw
Dormaal;Zoutleeuw
Halle-Booienhoven;Zoutleeuw
Helen-Bos;Zoutleeuw
Zuienkerke;Zuienkerke
Meetkerke;Zuienkerke
Houtave;Zuienkerke
Nieuwmunster;Zuienkerke
Zulte;Zulte
Olsene;Zulte
Zutendaal;Zutendaal
Beerlegem;Zwalm
Dikkele;Zwalm
Hundelgem;Zwalm
Meilegem;Zwalm
Munkzwalm;Zwalm
Nederzwalm-Hermelgem;Zwalm
Paulatem;Zwalm
Roborst;Zwalm
Rozebeke;Zwalm
Sint-Blasius-Boekel;Zwalm
Sint-Denijs-Boekel;Zwalm
Sint-Maria-Latem;Zwalm
Zwalm;Zwalm
Zwevegem;Zwevegem
Heestert;Zwevegem
Moen;Zwevegem
Otegem;Zwevegem
Sint-Denijs;Zwevegem
Zwijndrecht;Zwijndrecht
Burcht;Zwijndrecht
